{"clusters": [{"type": "microservices_group", "label": "Customer_service", "id": "16301633946725120974258176", "nodes": ["2", "10", "13", "19", "25", "53", "54"], "description": "Customer, CustomerService, ServiceImpl, CustomerBy, ByUsername"}, {"type": "microservices_group", "label": "ServiceType_service", "id": "16301633946725260560695296", "nodes": ["5", "15", "16", "17", "21", "22", "24", "29", "48", "47"], "description": "ServiceType, ServiceLocator, init, Services, instance"}, {"type": "microservices_group", "label": "FlightBy_service", "id": "16301633946725361492426752", "nodes": ["4", "6", "8", "11", "12", "18", "28"], "description": "FlightBy, Flight, By, Airports, ServiceImpl"}, {"type": "microservices_group", "label": "Session_service", "id": "16301633946725440949321728", "nodes": ["0", "1", "3", "14", "20", "23", "26", "27", "50", "38", "56", "51", "39", "55", "40", "46", "41", "52", "43", "57", "49", "42", "44", "45"], "description": "Session, service, init, Service, acmeair"}, {"label": "Refactor_candidates_group_service", "id": "16301633946983489026916352", "type": "refactor_candidates_group", "description": "MongoConstants, acmeair, mongo, Mongo, Constants", "properties": {"affected_business_domains": [""], "db_dependence": {"db": "", "tables": [""]}}, "metrics": {"cohesion_score": "", "conceptual_independence": "", "coupling_score": "", "independence_score": "", "data_independence_score": "", "volume_inter_partition_calls": "", "transaction_independence_score": "", "functional_encapsulation": "", "modularity": "", "structural_cohesivity": ""}, "nodes": ["7"], "transactions": []}, {"label": "Utility_group_service", "id": "16301633946988402469502976", "type": "utility_group", "description": "", "properties": {"affected_business_domains": [""], "db_dependence": {"db": "", "tables": [""]}}, "metrics": {"cohesion_score": "", "conceptual_independence": "", "coupling_score": "", "independence_score": "", "data_independence_score": "", "volume_inter_partition_calls": "", "transaction_independence_score": "", "functional_encapsulation": "", "modularity": "", "structural_cohesivity": ""}, "nodes": [], "transactions": []}, {"label": "Unassigned_group_service", "id": "16301633946988821228814336", "type": "unassigned_group", "description": "AcmeAir, ServiceRegister, util, web, acmeair", "properties": {"affected_business_domains": [""], "db_dependence": {"db": "", "tables": [""]}}, "metrics": {"cohesion_score": "", "conceptual_independence": "", "coupling_score": "", "independence_score": "", "data_independence_score": "", "volume_inter_partition_calls": "", "transaction_independence_score": "", "functional_encapsulation": "", "modularity": "", "structural_cohesivity": ""}, "nodes": ["30", "31", "32", "33", "34", "35", "36", "37", "9"], "transactions": []}, {"label": "Unreachable_group_service", "id": "16301633946988939340414976", "type": "unreachable_group", "description": "", "properties": {"affected_business_domains": [""], "db_dependence": {"db": "", "tables": [""]}}, "metrics": {"cohesion_score": "", "conceptual_independence": "", "coupling_score": "", "independence_score": "", "data_independence_score": "", "volume_inter_partition_calls": "", "transaction_independence_score": "", "functional_encapsulation": "", "modularity": "", "structural_cohesivity": ""}, "nodes": [], "transactions": []}], "edges": [{"type": "inter_class_connections", "weight": "1", "relationship": [{"id": "0_1", "properties": {"start": "0", "end": "1"}, "frequency": "1"}, {"id": "0_29", "properties": {"start": "0", "end": "29"}, "frequency": "1"}, {"id": "2_18", "properties": {"start": "2", "end": "18"}, "frequency": "1"}, {"id": "2_25", "properties": {"start": "2", "end": "25"}, "frequency": "1"}, {"id": "3_23", "properties": {"start": "3", "end": "23"}, "frequency": "1"}, {"id": "4_6", "properties": {"start": "4", "end": "6"}, "frequency": "1"}, {"id": "5_17", "properties": {"start": "5", "end": "17"}, "frequency": "1"}, {"id": "5_21", "properties": {"start": "5", "end": "21"}, "frequency": "1"}, {"id": "5_22", "properties": {"start": "5", "end": "22"}, "frequency": "1"}, {"id": "5_24", "properties": {"start": "5", "end": "24"}, "frequency": "1"}, {"id": "7_9", "properties": {"start": "7", "end": "9"}, "frequency": "1"}, {"id": "8_4", "properties": {"start": "8", "end": "4"}, "frequency": "1"}, {"id": "8_6", "properties": {"start": "8", "end": "6"}, "frequency": "1"}, {"id": "8_7", "properties": {"start": "8", "end": "7"}, "frequency": "1"}, {"id": "8_11", "properties": {"start": "8", "end": "11"}, "frequency": "1"}, {"id": "8_18", "properties": {"start": "8", "end": "18"}, "frequency": "1"}, {"id": "11_7", "properties": {"start": "11", "end": "7"}, "frequency": "1"}, {"id": "12_7", "properties": {"start": "12", "end": "7"}, "frequency": "1"}, {"id": "12_11", "properties": {"start": "12", "end": "11"}, "frequency": "1"}, {"id": "12_27", "properties": {"start": "12", "end": "27"}, "frequency": "1"}, {"id": "13_2", "properties": {"start": "13", "end": "2"}, "frequency": "1"}, {"id": "13_7", "properties": {"start": "13", "end": "7"}, "frequency": "1"}, {"id": "13_10", "properties": {"start": "13", "end": "10"}, "frequency": "1"}, {"id": "13_11", "properties": {"start": "13", "end": "11"}, "frequency": "1"}, {"id": "13_25", "properties": {"start": "13", "end": "25"}, "frequency": "1"}, {"id": "14_29", "properties": {"start": "14", "end": "29"}, "frequency": "1"}, {"id": "15_29", "properties": {"start": "15", "end": "29"}, "frequency": "1"}, {"id": "16_5", "properties": {"start": "16", "end": "5"}, "frequency": "1"}, {"id": "17_2", "properties": {"start": "17", "end": "2"}, "frequency": "1"}, {"id": "17_29", "properties": {"start": "17", "end": "29"}, "frequency": "1"}, {"id": "19_2", "properties": {"start": "19", "end": "2"}, "frequency": "1"}, {"id": "19_4", "properties": {"start": "19", "end": "4"}, "frequency": "1"}, {"id": "19_25", "properties": {"start": "19", "end": "25"}, "frequency": "1"}, {"id": "19_29", "properties": {"start": "19", "end": "29"}, "frequency": "1"}, {"id": "20_2", "properties": {"start": "20", "end": "2"}, "frequency": "1"}, {"id": "20_27", "properties": {"start": "20", "end": "27"}, "frequency": "1"}, {"id": "20_29", "properties": {"start": "20", "end": "29"}, "frequency": "1"}, {"id": "21_4", "properties": {"start": "21", "end": "4"}, "frequency": "1"}, {"id": "21_6", "properties": {"start": "21", "end": "6"}, "frequency": "1"}, {"id": "21_29", "properties": {"start": "21", "end": "29"}, "frequency": "1"}, {"id": "22_27", "properties": {"start": "22", "end": "27"}, "frequency": "1"}, {"id": "22_29", "properties": {"start": "22", "end": "29"}, "frequency": "1"}, {"id": "23_1", "properties": {"start": "23", "end": "1"}, "frequency": "1"}, {"id": "23_2", "properties": {"start": "23", "end": "2"}, "frequency": "1"}, {"id": "23_3", "properties": {"start": "23", "end": "3"}, "frequency": "1"}, {"id": "23_4", "properties": {"start": "23", "end": "4"}, "frequency": "1"}, {"id": "23_27", "properties": {"start": "23", "end": "27"}, "frequency": "1"}, {"id": "23_29", "properties": {"start": "23", "end": "29"}, "frequency": "1"}, {"id": "24_1", "properties": {"start": "24", "end": "1"}, "frequency": "1"}, {"id": "24_29", "properties": {"start": "24", "end": "29"}, "frequency": "1"}, {"id": "25_10", "properties": {"start": "25", "end": "10"}, "frequency": "1"}, {"id": "26_4", "properties": {"start": "26", "end": "4"}, "frequency": "1"}, {"id": "26_29", "properties": {"start": "26", "end": "29"}, "frequency": "1"}, {"id": "27_18", "properties": {"start": "27", "end": "18"}, "frequency": "1"}, {"id": "28_1", "properties": {"start": "28", "end": "1"}, "frequency": "1"}, {"id": "28_4", "properties": {"start": "28", "end": "4"}, "frequency": "1"}, {"id": "28_7", "properties": {"start": "28", "end": "7"}, "frequency": "1"}, {"id": "28_11", "properties": {"start": "28", "end": "11"}, "frequency": "1"}, {"id": "28_18", "properties": {"start": "28", "end": "18"}, "frequency": "1"}, {"id": "29_2", "properties": {"start": "29", "end": "2"}, "frequency": "1"}, {"id": "29_14", "properties": {"start": "29", "end": "14"}, "frequency": "1"}, {"id": "29_15", "properties": {"start": "29", "end": "15"}, "frequency": "1"}, {"label": "", "id": "30_19", "description": "", "properties": {"start": "30", "end": "19"}, "frequency": "1", "methods": [""]}, {"label": "", "id": "30_0", "description": "", "properties": {"start": "30", "end": "0"}, "frequency": "1", "methods": [""]}, {"label": "", "id": "30_20", "description": "", "properties": {"start": "30", "end": "20"}, "frequency": "1", "methods": [""]}, {"label": "", "id": "30_26", "description": "", "properties": {"start": "30", "end": "26"}, "frequency": "1", "methods": [""]}, {"label": "", "id": "31_20", "description": "", "properties": {"start": "31", "end": "20"}, "frequency": "1", "methods": [""]}, {"label": "", "id": "31_27", "description": "", "properties": {"start": "31", "end": "27"}, "frequency": "1", "methods": [""]}, {"label": "", "id": "31_29", "description": "", "properties": {"start": "31", "end": "29"}, "frequency": "1", "methods": [""]}, {"label": "", "id": "19_31", "description": "", "properties": {"start": "19", "end": "31"}, "frequency": "1", "methods": [""]}, {"label": "", "id": "32_34", "description": "", "properties": {"start": "32", "end": "34"}, "frequency": "1", "methods": [""]}, {"label": "", "id": "35_32", "description": "", "properties": {"start": "35", "end": "32"}, "frequency": "1", "methods": [""]}, {"label": "", "id": "34_32", "description": "", "properties": {"start": "34", "end": "32"}, "frequency": "1", "methods": [""]}, {"label": "", "id": "33_16", "description": "", "properties": {"start": "33", "end": "16"}, "frequency": "1", "methods": [""]}, {"label": "", "id": "33_23", "description": "", "properties": {"start": "33", "end": "23"}, "frequency": "1", "methods": [""]}, {"label": "", "id": "35_36", "description": "", "properties": {"start": "35", "end": "36"}, "frequency": "1", "methods": [""]}, {"label": "", "id": "36_35", "description": "", "properties": {"start": "36", "end": "35"}, "frequency": "1", "methods": [""]}, {"label": "", "id": "8_37", "description": "", "properties": {"start": "8", "end": "37"}, "frequency": "1", "methods": [""]}, {"label": "", "id": "12_37", "description": "", "properties": {"start": "12", "end": "37"}, "frequency": "1", "methods": [""]}, {"label": "", "id": "13_37", "description": "", "properties": {"start": "13", "end": "37"}, "frequency": "1", "methods": [""]}, {"label": "", "id": "28_37", "description": "", "properties": {"start": "28", "end": "37"}, "frequency": "1", "methods": [""]}, {"label": "", "id": "29_37", "description": "", "properties": {"start": "29", "end": "37"}, "frequency": "9", "methods": [""]}]}, {"type": "resource_relatedness", "weight": "1", "relationship": []}, {"type": "service_entry_relatedness", "weight": "", "description": "", "relationship": [{"label": "", "id": "16_48", "description": "", "properties": {"start": "16", "end": "48"}, "frequency": "1", "methods": [""]}, {"label": "", "id": "0_50", "description": "", "properties": {"start": "0", "end": "50"}, "frequency": "1", "methods": [""]}, {"label": "", "id": "23_38", "description": "", "properties": {"start": "23", "end": "38"}, "frequency": "1", "methods": [""]}, {"label": "", "id": "20_56", "description": "", "properties": {"start": "20", "end": "56"}, "frequency": "1", "methods": [""]}, {"label": "", "id": "0_51", "description": "", "properties": {"start": "0", "end": "51"}, "frequency": "1", "methods": [""]}, {"label": "", "id": "16_47", "description": "", "properties": {"start": "16", "end": "47"}, "frequency": "1", "methods": [""]}, {"label": "", "id": "23_39", "description": "", "properties": {"start": "23", "end": "39"}, "frequency": "1", "methods": [""]}, {"label": "", "id": "26_55", "description": "", "properties": {"start": "26", "end": "55"}, "frequency": "1", "methods": [""]}, {"label": "", "id": "19_53", "description": "", "properties": {"start": "19", "end": "53"}, "frequency": "1", "methods": [""]}, {"label": "", "id": "23_40", "description": "", "properties": {"start": "23", "end": "40"}, "frequency": "1", "methods": [""]}, {"label": "", "id": "23_46", "description": "", "properties": {"start": "23", "end": "46"}, "frequency": "1", "methods": [""]}, {"label": "", "id": "23_41", "description": "", "properties": {"start": "23", "end": "41"}, "frequency": "1", "methods": [""]}, {"label": "", "id": "0_52", "description": "", "properties": {"start": "0", "end": "52"}, "frequency": "1", "methods": [""]}, {"label": "", "id": "23_43", "description": "", "properties": {"start": "23", "end": "43"}, "frequency": "1", "methods": [""]}, {"label": "", "id": "20_57", "description": "", "properties": {"start": "20", "end": "57"}, "frequency": "1", "methods": [""]}, {"label": "", "id": "0_49", "description": "", "properties": {"start": "0", "end": "49"}, "frequency": "1", "methods": [""]}, {"label": "", "id": "23_42", "description": "", "properties": {"start": "23", "end": "42"}, "frequency": "1", "methods": [""]}, {"label": "", "id": "19_54", "description": "", "properties": {"start": "19", "end": "54"}, "frequency": "1", "methods": [""]}, {"label": "", "id": "23_44", "description": "", "properties": {"start": "23", "end": "44"}, "frequency": "1", "methods": [""]}, {"label": "", "id": "23_45", "description": "", "properties": {"start": "23", "end": "45"}, "frequency": "1", "methods": [""]}]}], "nodes": [{"entity_type": "service_program", "label": "com.acmeair.web.BookingsREST", "id": "0"}, {"entity_type": "class", "label": "com.acmeair.service.BookingService", "id": "1"}, {"entity_type": "class", "label": "com.acmeair.service.CustomerService", "id": "2"}, {"entity_type": "class", "label": "com.acmeair.config.AcmeAirConfiguration$ServiceData", "id": "3"}, {"entity_type": "class", "label": "com.acmeair.service.FlightService", "id": "4"}, {"entity_type": "class", "label": "com.acmeair.loader.Loader", "id": "5"}, {"entity_type": "class", "label": "com.acmeair.AirportCodeMapping", "id": "6"}, {"entity_type": "class", "label": "com.acmeair.mongo.MongoConstants", "id": "7"}, {"entity_type": "class", "label": "com.acmeair.mongo.services.FlightServiceImpl", "id": "8"}, {"entity_type": "class", "label": "com.acmeair.AcmeAirConstants", "id": "9"}, {"entity_type": "class", "label": "com.acmeair.web.dto.AddressInfo", "id": "10"}, {"entity_type": "class", "label": "com.acmeair.mongo.ConnectionManager", "id": "11"}, {"entity_type": "class", "label": "com.acmeair.mongo.services.AuthServiceImpl", "id": "12"}, {"entity_type": "class", "label": "com.acmeair.mongo.services.CustomerServiceImpl", "id": "13"}, {"entity_type": "class", "label": "com.acmeair.service.ServiceLocator$2", "id": "14"}, {"entity_type": "class", "label": "com.acmeair.service.ServiceLocator$1", "id": "15"}, {"entity_type": "service_program", "label": "com.acmeair.config.LoaderREST", "id": "16"}, {"entity_type": "class", "label": "com.acmeair.loader.CustomerLoader", "id": "17"}, {"entity_type": "class", "label": "com.acmeair.service.KeyGenerator", "id": "18"}, {"entity_type": "service_program", "label": "com.acmeair.web.CustomerREST", "id": "19"}, {"entity_type": "service_program", "label": "com.acmeair.web.LoginREST", "id": "20"}, {"entity_type": "class", "label": "com.acmeair.loader.FlightLoader", "id": "21"}, {"entity_type": "class", "label": "com.acmeair.loader.SessionLoader", "id": "22"}, {"entity_type": "service_program", "label": "com.acmeair.config.AcmeAirConfiguration", "id": "23"}, {"entity_type": "class", "label": "com.acmeair.loader.BookingLoader", "id": "24"}, {"entity_type": "class", "label": "com.acmeair.web.dto.CustomerInfo", "id": "25"}, {"entity_type": "service_program", "label": "com.acmeair.web.FlightsREST", "id": "26"}, {"entity_type": "class", "label": "com.acmeair.service.AuthService", "id": "27"}, {"entity_type": "class", "label": "com.acmeair.mongo.services.BookingServiceImpl", "id": "28"}, {"entity_type": "class", "label": "com.acmeair.service.ServiceLocator", "id": "29"}, {"entity_type": "class", "label": "com.acmeair.web.AcmeAirApp", "id": "30"}, {"entity_type": "class", "label": "com.acmeair.web.RESTCookieSessionFilter", "id": "31"}, {"entity_type": "class", "label": "com.acmeair.util.Util", "id": "32"}, {"entity_type": "class", "label": "com.acmeair.web.AppConfig", "id": "33"}, {"entity_type": "class", "label": "com.acmeair.util.Util$Not200Exception", "id": "34"}, {"entity_type": "class", "label": "com.acmeair.util.ServiceRegister$1", "id": "35"}, {"entity_type": "class", "label": "com.acmeair.util.ServiceRegister", "id": "36"}, {"entity_type": "class", "label": "com.acmeair.service.DataService", "id": "37"}, {"entity_type": "service_entry", "label": "com.acmeair.config.AcmeAirConfiguration.countAirports", "id": "38", "properties": {"entry_type": " jaxrs", "uri": " [/config/countAirports]"}}, {"entity_type": "service_entry", "label": "com.acmeair.config.AcmeAirConfiguration.countBookings", "id": "39", "properties": {"entry_type": " jaxrs", "uri": " [/config/countBookings]"}}, {"entity_type": "service_entry", "label": "com.acmeair.config.AcmeAirConfiguration.countCustomer", "id": "40", "properties": {"entry_type": " jaxrs", "uri": " [/config/countCustomers]"}}, {"entity_type": "service_entry", "label": "com.acmeair.config.AcmeAirConfiguration.countCustomerSessions", "id": "41", "properties": {"entry_type": " jaxrs", "uri": " [/config/countSessions]"}}, {"entity_type": "service_entry", "label": "com.acmeair.config.AcmeAirConfiguration.countFlightSegments", "id": "42", "properties": {"entry_type": " jaxrs", "uri": " [/config/countFlightSegments]"}}, {"entity_type": "service_entry", "label": "com.acmeair.config.AcmeAirConfiguration.countFlights", "id": "43", "properties": {"entry_type": " jaxrs", "uri": " [/config/countFlights]"}}, {"entity_type": "service_entry", "label": "com.acmeair.config.AcmeAirConfiguration.getActiveDataServiceInfo", "id": "44", "properties": {"entry_type": " jaxrs", "uri": " [/config/activeDataService]"}}, {"entity_type": "service_entry", "label": "com.acmeair.config.AcmeAirConfiguration.getDataServiceInfo", "id": "45", "properties": {"entry_type": " jaxrs", "uri": " [/config/dataServices]"}}, {"entity_type": "service_entry", "label": "com.acmeair.config.AcmeAirConfiguration.getRuntimeInfo", "id": "46", "properties": {"entry_type": " jaxrs", "uri": " [/config/runtime]"}}, {"entity_type": "service_entry", "label": "com.acmeair.config.LoaderREST.loadDB", "id": "47", "properties": {"entry_type": " jaxrs", "uri": " [/loader/load]"}}, {"entity_type": "service_entry", "label": "com.acmeair.config.LoaderREST.queryLoader", "id": "48", "properties": {"entry_type": " jaxrs", "uri": " [/loader/query]"}}, {"entity_type": "service_entry", "label": "com.acmeair.web.BookingsREST.bookFlights", "id": "49", "properties": {"entry_type": " jaxrs", "uri": " [/bookings/bookflights]"}}, {"entity_type": "service_entry", "label": "com.acmeair.web.BookingsREST.cancelBookingsByNumber", "id": "50", "properties": {"entry_type": " jaxrs", "uri": " [/bookings/cancelbooking]"}}, {"entity_type": "service_entry", "label": "com.acmeair.web.BookingsREST.getBookingByNumber", "id": "51", "properties": {"entry_type": " jaxrs", "uri": " [/bookings/bybookingnumber/{userid}/{number}]"}}, {"entity_type": "service_entry", "label": "com.acmeair.web.BookingsREST.getBookingsByUser", "id": "52", "properties": {"entry_type": " jaxrs", "uri": " [/bookings/byuser/{user}]"}}, {"entity_type": "service_entry", "label": "com.acmeair.web.CustomerREST.getCustomer", "id": "53", "properties": {"entry_type": " jaxrs", "uri": " [/customer/byid/{custid}]"}}, {"entity_type": "service_entry", "label": "com.acmeair.web.CustomerREST.putCustomer", "id": "54", "properties": {"entry_type": " jaxrs", "uri": " [/customer/byid/{custid}]"}}, {"entity_type": "service_entry", "label": "com.acmeair.web.FlightsREST.getTripFlights", "id": "55", "properties": {"entry_type": " jaxrs", "uri": " [/flights/queryflights]"}}, {"entity_type": "service_entry", "label": "com.acmeair.web.LoginREST.login", "id": "56", "properties": {"entry_type": " jaxrs", "uri": " [/login]"}}, {"entity_type": "service_entry", "label": "com.acmeair.web.LoginREST.logout", "id": "57", "properties": {"entry_type": " jaxrs", "uri": " [/login/logout]"}}]}