{"all":{"DateParam":{"Subgraph1":{"relocate_to":{"cluster":"Session_service","class":"FlightsREST"},"methods":["getDate()"],"written_variables":{"date_DateParam":{"field":"date","class":"DateParam"}},"Subgraph":{"method_call_details_1":{"method_1":"getDate()","called_by_1":{"FlightsREST_getTripFlights(String, String, DateParam, DateParam, boolean)":{"method":"getTripFlights(String, String, DateParam, DateParam, boolean)","class":"FlightsREST","cluster":"Session_service"}}}},"caller_classes":["FlightsREST"],"called_classes":[],"read_variables":{"date_DateParam":{"field":"date","class":"DateParam"}}}}}}